0, 0, 0, 0, 0, 0, 0, 0
1,caw_kar,9304,n/a,n/a,,,28/1/2026
2,caw_kar,9063,n/a,n/a,,,28/1/2026
3,caw_kar,55M,n/a,n/a,,,28/1/2026
4,caw_kar,1317T,n/a,n/a,,,28/1/2026
5,caw_kar,1685T,n/a,n/a,,,28/1/2026
6,caw_kar,980M,n/a,n/a,,,29/1/2026
7,caw_kar,9154,n/a,n/a,,,29/1/2026
8,caw_kar,9005,n/a,n/a,,,29/1/2026
9,caw_kar,122M,n/a,n/a,,,29/1/2026
10,caw_kar,2513T,n/a,n/a,,,2/2/2026
11,caw_kar,233M,n/a,n/a,,,2/2/2026
12,caw_kar,949M,n/a,n/a,,,3/2/2026
13,caw_kar,2540T,n/a,n/a,,,3/2/2026
14,caw_kar,43M,n/a,n/a,,,3/2/2026
15,caw_kar,1659T,n/a,n/a,,,3/2/2026
16,caw_kar,1008T,n/a,n/a,,,4/2/2026
17,caw_kar,188M,n/a,n/a,,,4/2/2026
18,caw_kar,262M,n/a,n/a,,,4/2/2026
19,caw_kar,1424T,n/a,n/a,,,4/2/2026
20,caw_kar,873M,n/a,n/a,,,5/2/2026
21,caw_kar,77M,n/a,n/a,,,5/2/2026
22,caw_kar,85M,n/a,n/a,,,5/2/2026
23,caw_kar,974M,n/a,n/a,,,5/2/2026
24,caw_kar,964M,n/a,n/a,,,6/2/2026
25,caw_kar,1132T,n/a,n/a,,,6/2/2026
26,caw_kar,923M,n/a,n/a,,,6/2/2026
27,caw_kar,196M,n/a,n/a,,,6/2/2026
28,caw_kar,946M,n/a,n/a,,,9/2/2026
29,caw_kar,9232,n/a,n/a,,,9/2/2026
30,caw_kar,1370T,n/a,n/a,,,9/2/2026
31,caw_kar,1419T,n/a,n/a,,,9/2/2026
32,caw_kar,132M,n/a,n/a,,,10/2/2026
33,caw_kar,2524T,n/a,n/a,,,10/2/2026
34,caw_kar,1027T,n/a,n/a,,,10/2/2026
35,caw_kar,948M,n/a,n/a,,,10/2/2026
36,caw_kar,1434T,n/a,n/a,,,11/2/2026
37,caw_kar,2547T,n/a,n/a,,,11/2/2026
38,caw_kar,663M,n/a,n/a,,,11/2/2026
39,caw_kar,162M,n/a,n/a,,,11/2/2026
40,caw_kar,139M,n/a,n/a,,,12/2/2026
41,caw_kar,1182T,n/a,n/a,,,12/2/2026
42,caw_kar,799M,n/a,n/a,,,12/2/2026
43,caw_kar,149M,n/a,n/a,,,12/2/2026
44,caw_kar,913M,n/a,n/a,,,13/2/2026
45,caw_kar,2557T,n/a,n/a,,,13/2/2026
46,caw_kar,742M,n/a,n/a,,,13/2/2026
47,caw_kar,235M,n/a,n/a,,,13/2/2026
48,caw_kar,3M,n/a,n/a,,,13/2/2026
49,caw_kar,1340T,n/a,n/a,,,16/2/2026
50,caw_kar,1665T,n/a,n/a,,,16/2/2026
51,caw_kar,914M,n/a,n/a,,,16/2/2026
52,caw_kar,744M,n/a,n/a,,,16/2/2026
53,caw_kar,121M,n/a,n/a,,,17/2/2026
54,caw_kar,1185T,n/a,n/a,,,17/2/2026
55,caw_kar,2551T,n/a,n/a,,,17/2/2026
56,caw_kar,127M,n/a,n/a,,,17/2/2026
57,caw_kar,985M,n/a,n/a,,,18/2/2026
58,caw_kar,2502T,n/a,n/a,,,18/2/2026
59,caw_kar,564M,n/a,n/a,,,18/2/2026
60,caw_kar,785M,n/a,n/a,,,18/2/2026
61,caw_kar,1374T,n/a,n/a,,,18/2/2026
62,caw_kar,279M,n/a,n/a,,,19/2/2026
63,caw_kar,1078T,n/a,n/a,,,19/2/2026
64,caw_kar,838M,n/a,n/a,,,19/2/2026
65,caw_kar,963M,n/a,n/a,,,19/2/2026
66,caw_kar,1400T,n/a,n/a,,,20/2/2026
67,caw_kar,2521T,n/a,n/a,,,20/2/2026
68,caw_kar,936M,n/a,n/a,,,20/2/2026
69,caw_kar,60M,n/a,n/a,,,23/2/2026
70,caw_kar,1443T,n/a,n/a,,,23/2/2026
71,caw_kar,1185T,n/a,n/a,,,23/2/2026
72,caw_kar,906M,n/a,n/a,,,24/2/2026
73,caw_kar,2514T,n/a,n/a,,,24/2/2026
74,caw_kar,801M,n/a,n/a,,,24/2/2026
75,caw_kar,43M,n/a,n/a,,,24/2/2026
76,caw_kar,884M,n/a,n/a,,,25/2/2026
77,caw_kar,715M,n/a,n/a,,,25/2/2026
78,caw_kar,2520T,n/a,n/a,,,25/2/2026
79,caw_kar,378M,n/a,n/a,,,25/2/2026
80,caw_kar,185M,n/a,n/a,,,25/2/2026
81,caw_kar,2563T,n/a,n/a,,,26/2/2026
82,caw_kar,1631T,n/a,n/a,,,26/2/2026
83,caw_kar,234M,n/a,n/a,,,26/2/2026
84,caw_kar,889M,n/a,n/a,,,27/2/2026
85,caw_kar,2511T,n/a,n/a,,,27/2/2026
86,caw_kar,841M,n/a,n/a,,,27/2/2026
87,caw_kar,186M,n/a,n/a,,,27/2/2026
88,caw_kar,4M,n/a,n/a,,,2/3/2026
89,caw_kar,398M,n/a,n/a,,,2/3/2026
90,caw_kar,456M,n/a,n/a,,,2/3/2026
91,caw_kar,889M,n/a,n/a,,,2/3/2026
92,caw_kar,83M,n/a,n/a,,,2/3/2026
93,caw_kar,934M,n/a,n/a,,,3/3/2026
94,caw_kar,561M,n/a,n/a,,,3/3/2026
95,caw_kar,388M,n/a,n/a,,,4/3/2026
96,caw_kar,725M,n/a,n/a,,,4/3/2026
97,caw_kar,2535T,n/a,n/a,,,4/3/2026
98,caw_kar,2520T,n/a,n/a,,,4/3/2026
99,caw_kar,1331T,n/a,n/a,,,4/3/2026
100,caw_kar,867M,n/a,n/a,,,5/3/2026
101,caw_kar,357M,n/a,n/a,,,5/3/2026
102,caw_kar,965M,n/a,n/a,,,5/3/2026
103,caw_kar,213M,n/a,n/a,,,5/3/2026
104,caw_kar,774M,n/a,n/a,,,6/3/2026
105,caw_kar,172M,n/a,n/a,,,6/3/2026
106,caw_kar,119M,n/a,n/a,,,6/3/2026
107,caw_kar,507M,n/a,n/a,,,10/3/2026
108,caw_kar,833M,n/a,n/a,,,10/3/2026
109,caw_kar,206M,n/a,n/a,,,10/3/2026
110,caw_kar,272M,n/a,n/a,,,11/3/2026
111,caw_kar,1665T,n/a,n/a,,,11/3/2026
112,caw_kar,382M,n/a,n/a,,,11/3/2026
113,caw_kar,223M,n/a,n/a,,,11/3/2026
114,caw_kar,1676T,n/a,n/a,,,12/3/2026
115,caw_kar,776M,n/a,n/a,,,12/3/2026
116,caw_kar,2517T,n/a,n/a,,,12/3/2026
117,caw_kar,1648T,n/a,n/a,,,12/3/2026
118,caw_kar,1439T,n/a,n/a,,,13/3/2026
119,caw_kar,2561T,n/a,n/a,,,13/3/2026
120,caw_kar,2529T,n/a,n/a,,,13/3/2026
121,caw_kar,179M,n/a,n/a,,,13/3/2026
122,caw_kar,1326T,n/a,n/a,,,16/3/2026
123,caw_kar,1072T,n/a,n/a,,,16/3/2026
124,caw_kar,708M,n/a,n/a,,,16/3/2026
125,caw_kar,35M,n/a,n/a,,,16/3/2026
126,caw_kar,199M,n/a,n/a,,,17/3/2026
127,caw_kar,2556T,n/a,n/a,,,17/3/2026
128,caw_kar,2554T,n/a,n/a,,,17/3/2026
129,caw_kar,55M,n/a,n/a,,,18/3/2026
130,caw_kar,798M,n/a,n/a,,,18/3/2026
131,caw_kar,2564T,n/a,n/a,,,18/3/2026
132,caw_kar,958M,n/a,n/a,,,18/3/2026
133,caw_kar,279M,n/a,n/a,,,19/3/2026
134,caw_kar,136M,n/a,n/a,,,19/3/2026
135,caw_kar,1433T,n/a,n/a,,,20/3/2026
136,caw_kar,1376T,n/a,n/a,,,20/3/2026
137,caw_kar,1437T,n/a,n/a,,,20/3/2026
138,caw_kar,953M,n/a,n/a,,,20/3/2026
139,caw_kar,108M,n/a,n/a,,,23/3/2026
140,caw_kar,1667T,n/a,n/a,,,23/3/2026
141,caw_kar,2502T,n/a,n/a,,,23/3/2026
142,caw_kar,14M,n/a,n/a,,,23/3/2026
143,caw_kar,955M,n/a,n/a,,,26/3/2026
144,caw_kar,2565T,n/a,n/a,,,26/3/2026
145,caw_kar,1393T,n/a,n/a,,,26/3/2026
146,caw_kar,11M,n/a,n/a,,,26/3/2026
147,caw_kar,1426T,n/a,n/a,,,27/3/2026
148,caw_kar,1691T,n/a,n/a,,,27/3/2026
149,caw_kar,1400T,n/a,n/a,,,27/3/2026
150,caw_kar,192M,n/a,n/a,,,27/3/2026
151,caw_kar,892M,n/a,n/a,,,30/3/2026
152,caw_kar,1415T,n/a,n/a,,,2/4/2026
1,.nebulafire,7012,n/a,n/a,,,13/04/26
153,caw_kar,209M,n/a,n/a,,,27/04/2026
154,caw_kar,166M,Hurstbridge,X'Trapolis 100,Heidelberg,Ivanhoe,16/05/26
2,.nebulafire,9059,n/a,n/a,,,19/05/26
3,.nebulafire,925M,n/a,n/a,,,25/05/26
4,.nebulafire,513M,n/a,n/a,,,03/06/26
155,caw_kar,246M,n/a,n/a,,,03/06/26
5,.nebulafire,733M-2517T-734M,n/a,n/a,,,03/06/26
6,.nebulafire,389M-1063T-426M,n/a,n/a,,,03/06/26
